<?xml version="1.0" encoding="UTF-8" ?>
<!DOCTYPE tiles-definitions PUBLIC
       "-//Apache Software Foundation//DTD Tiles Configuration 2.0//EN"
       "http://tiles.apache.org/dtds/tiles-config_2_0.dtd">

<tiles-definitions>
    <!-- Layouts -->
    <definition name="baseLayout" template="/WEB-INF/layouts/baseLayout.jsp">
        <put-attribute name="mainTitle" value="Web Application"/>
        <put-attribute name="title" value="Template"/>
    </definition>

    <!-- Pages -->
    <!--
    <definition name="indexIndex" extends="baseLayout">
        <put-attribute name="title" value="Página Inicial"/>
        <put-attribute name="body"  value="/WEB-INF/frontend/index.jsp"/>
    </definition>
    -->
</tiles-definitions>