<!DOCTYPE struts PUBLIC
"-//Apache Software Foundation//DTD Struts Configuration 2.0//EN"
"http://struts.apache.org/dtds/struts-2.0.dtd">

<struts>
    <!-- Struts theme -->
    <constant name="struts.ui.theme" value="simple" />
    <!-- Development mode -->
    <constant name="struts.devMode" value="true" />

    <!-- Enable global file 'global.properties' -->
    <constant name="struts.custom.i18n.resources" value="global" />

    <!-- Standard package configuration -->
    <package name="default" extends="struts-default">
        <!-- Tiles -->
        <result-types>
            <result-type name="tiles" class="org.apache.struts2.views.tiles.TilesResult" />
	</result-types>
        
        <interceptors>
            <!-- Declare your interceptors here -->

            <!-- // -->

            <!-- The application stack, place your interceptors here -->
            <interceptor-stack name="applicationStack">
                <interceptor-ref name="exception"/>
                <interceptor-ref name="alias"/>
                <interceptor-ref name="servletConfig"/>
                <interceptor-ref name="i18n"/>
                <interceptor-ref name="prepare"/>
                <interceptor-ref name="chain"/>
                <interceptor-ref name="debugging"/>
                <interceptor-ref name="scopedModelDriven"/>
                <interceptor-ref name="modelDriven"/>
                <interceptor-ref name="fileUpload"/>
                <interceptor-ref name="checkbox"/>
                <interceptor-ref name="multiselect"/>
                <interceptor-ref name="staticParams"/>
                <interceptor-ref name="actionMappingParams"/>

                <interceptor-ref name="params">
                    <param name="excludeParams">dojo\..*,^struts\..*</param>
                </interceptor-ref>
                <interceptor-ref name="conversionError"/>

                <interceptor-ref name="validation">
                    <param name="excludeMethods">input,back,cancel,browse,index</param>
                </interceptor-ref>

                <interceptor-ref name="workflow">
                    <param name="excludeMethods">input,back,cancel,browse</param>
                </interceptor-ref>
            </interceptor-stack>
        </interceptors>

        <!-- Set the above interceptor stack as default -->
	<default-interceptor-ref name="applicationStack" />

        <!-- Here you can place global results for all actions -->
        <!--
        <global-results>
            
        </global-results>
        -->
    </package>

    <!-- Here you include other struts configuration files -->
    <!-- PLEASE DO NOT REMOVE THE COMMENT BELOW -->
    <!-- generator:includes -->
</struts>
